,latent_0,latent_1,latent_2,latent_3,latent_4,latent_5,latent_6,latent_7,latent_8,latent_9,latent_10,latent_11,latent_12,latent_13,latent_14,latent_15,latent_16,latent_17,latent_18,latent_19,latent_20,latent_21,latent_22,latent_23,latent_24,latent_25,latent_26,latent_27,latent_28,latent_29,latent_30,latent_31,latent_32,latent_33,latent_34,latent_35,latent_36,latent_37,latent_38,latent_39,latent_40,latent_41,latent_42,latent_43,latent_44,latent_45,latent_46,latent_47,latent_48,latent_49
FP1,0.09858812947121519,0.10241392390518542,0.01245844977400659,-0.03150207937080378,0.05036834439925084,0.04203945881757843,0.0008832215615413084,-0.047477437403081045,-0.031558011007228146,0.02882460129059036,0.04989648826979645,-0.032961189861956425,-0.029969094978726622,0.010824472695006708,-0.04034968227445058,-0.06320297140298496,0.06273311306322686,0.05986082509629009,-0.0786329670081843,-0.029181347567225433,-0.033801060593725146,-0.007331215878826547,0.009904483566550734,0.01159998722333849,0.015244618662115402,-0.07156379081797203,0.0007816181352876911,-0.04078660359249394,-0.011289204726899841,0.02374829300438962,-0.045640397266532226,0.03595591218534401,0.004441207390012984,0.02392017753164986,-0.005465739389487255,-0.043625943531807626,0.02474440577025252,0.0969931217565788,-0.010491322814283575,0.04291240111053159,-0.018401635499614155,0.048906292739208435,-0.03841584712081828,-0.06440642599054655,-0.04192397046449826,-0.04222584914739443,0.049198697926724946,0.020519422767521996,-0.020984181986720682,-0.02820981609425216
FP2,0.00773941253069663,0.05972676399314079,-0.014342730704812264,-0.024073399398749386,0.03695018888919777,0.030269629265631766,-0.0024124601048416544,-0.08200499241876516,-0.05626180810388313,0.03282030143117967,0.01922909938550009,0.013134129749883348,-0.04887429238247935,0.02902873408189636,-0.11588333340973359,0.05980626293729111,-0.01492410988479629,0.004330550059830437,-0.0042883874201446156,-0.051683543106413835,0.10630583536044262,-0.00011009740357443701,0.05026704446208205,0.012045014376012637,-0.042018871796951365,0.03361587681249039,0.01055349653105811,0.0455549865085786,0.05964806285914135,0.01233298072735996,0.012693495622131944,0.04875930954018848,-0.06184950299368437,-0.03568160216727112,0.0192624219260382,-0.005751914437274036,0.03543577119568492,0.013752907557032464,-0.07382994780274617,-0.042335075465153894,-0.016254643268971466,0.06011866441481378,0.05908301209534428,0.006523441874455363,0.021367221990832293,-0.002019461940381452,-0.07943668906088115,-0.035212247785508355,0.004680206697374457,0.08982250718901003
F3,0.02562358411403121,0.06506028343648969,-0.04946950494210968,-0.0056815229965964005,0.0696478134472628,0.019348391983707424,0.06690087781730186,-0.04621762762336398,-0.013815676002962915,0.03097443250937263,0.02392366712092886,-0.021242274184225658,-0.0023946543045689733,-0.031747114498808536,-0.06836457617637538,-0.0656389980972949,-0.018055131248245638,0.02277076438240277,-0.06972819209578375,-0.012588036128595194,-0.09030804977238445,0.023929646803535473,-0.023129986721176235,-0.060461948557261,0.006683056332125932,-0.01173268903023686,-0.01435825298982385,0.0013030911488002383,-0.027815716836025482,0.042561309916672875,0.01427751152835368,-0.025998387030387357,0.0345873778032526,-0.07088034284852635,0.016556984000988956,-0.013556811221568304,0.010718565386131647,0.06243912811747918,-0.035364027374216095,-0.014738159013628528,-0.004784976785835216,-0.03445146547149814,0.042644440792730505,0.04505362357981707,-0.06721897628365696,0.04432079782186809,0.03873270653240713,0.013232721626002423,0.04242421890861128,0.009654034003853831
F4,0.020399965158096313,-0.027974574760891064,-0.0222936444518737,-0.014145699241309135,0.0446280043247181,-0.01226432767369192,0.005237702561247929,-0.03254763032317884,-0.017095507207448193,0.02019821352090798,0.09867236355835715,0.09129546368181113,-0.012316356626005597,-0.013118751838076486,-0.09939405057142475,0.029337943166326437,-0.003828432128763058,-0.05758462430554559,0.06869084693979374,-0.07503833642937267,0.004890716903650954,-0.030124726815373887,0.007099594938690547,-0.06322931861748399,-0.016873058157442864,0.03866769016573142,0.016231574165011455,0.08006134080518165,0.047630501758810624,-0.05620575288082638,0.00829433611125716,-0.03127225175939687,-0.04710988498673591,-0.04043898632647245,0.06652749152827592,-0.010863765213321898,0.02293707503097929,0.06997408416228332,-0.031973641514200644,-0.039982625429909144,-0.01099031935306321,-0.06643622864457473,0.031635827680369606,-0.07280100081027929,0.019789507027483742,-0.02909291719152195,-0.11879015754067668,-0.0019611113933462347,-0.019578945054430492,0.012120943272475782
FZ,0.08495256221811807,0.07030686392169529,-0.11749294878142899,-0.07160292027982737,0.07456951682579813,-0.0029328554387179667,0.05569445001496948,-0.03779997229147208,0.04464659325599125,0.06477337346310989,0.009390042072956201,-0.013254915164550697,0.03327080209599767,-0.04532361048666505,-0.12147839516793787,-0.03336970508039557,0.012929456191104612,0.032867731617278975,-0.03936765454134879,-0.06192742998969357,-0.019628659944040287,0.01833500859492613,-0.04539399603811048,-0.05726523986334198,0.05793166297751671,-0.014897732306410226,-0.033254800943063094,-0.05426806576740607,0.03814064108699843,0.03662875094822976,-0.022412470227892937,-0.05511849474868814,0.022919225807111338,0.02348227374080606,0.05468595919922711,-0.058508586848083556,0.04914736341663906,0.04370892747402679,0.017411403295044547,-0.0169613686416094,-0.01584754649258071,-0.020855986671618268,-0.05017561814486218,0.050392134939743434,-0.036976169491179815,0.022238260574555076,0.04499033770121872,0.057034404898649096,-0.024628030546402835,0.04866328996103478
F7,0.03417702142851482,0.039791706380637726,-0.0707539250047642,0.012961098546725272,0.011258140380301665,0.062112429867758445,0.015206154522152092,-0.03876402757746525,-0.0029853057066548823,0.04133216992674151,0.05015639845345712,-0.05549781426355038,-0.032997923733624396,-0.06958209982824,0.062120230423532596,-0.05782600163230525,0.006633897941199467,-0.0330274311967057,-0.045209011496977806,0.0026816806596495005,0.0013434314417279567,-0.02490069382905571,-0.0165833079459823,-0.029591057269002935,-0.03704434660462835,-0.02709139209895405,0.02927529689345093,-0.03568939219962866,-0.0891407628110714,0.0391405586886787,-0.01471496865338612,-0.02176845718082914,0.025813601009097416,-0.05156886892016086,0.0005685403864738506,0.004706038247837536,-0.03191661452100105,0.018653310355427576,-0.032299810922420694,0.10800999626225163,0.06155569294642503,-0.0184922005980163,0.056473354276522676,0.002062398362244455,0.011103194350721442,0.01920436799059398,0.08524062748881722,-0.059455589897724245,0.009611846447897554,0.015254792669868884
F8,0.00251705080032233,-0.03005903752772356,-0.021174238840637707,-0.05838501931297029,-0.04790197789146954,-0.006789232413663264,0.02003571672163779,-0.027558593869775005,-9.310993803443297e-05,0.03195275229583555,0.061617283196108895,0.02652247278158752,0.030297938079332298,0.052658112113814666,-0.06711802583968628,0.017752399916496322,0.01581926457998118,-0.007384174417275474,0.019335202578109268,-0.07924710315165298,0.03661768217798238,-0.018358809031380503,0.001273943661616272,-0.04866139158306776,0.007473404958127762,0.01709475586655194,-0.013822477452765464,0.08117991192205455,0.04941338098443047,0.001537252444429316,0.03680236004358604,0.026754371730294695,-0.005548073801106318,-0.07286163519459173,0.04384664321574057,0.05560631408248762,0.058579483215750794,0.0727796660308067,-0.005872839124811637,-0.0018927780777332473,-0.04238051311588563,-0.0013488996345717866,-0.0673157429976467,0.02402866985805194,0.02626614437594328,-0.08356286801758471,-0.0430198384836807,-0.058815817282466425,0.03719643484173549,0.04487851691825275
P3,-0.03307247374197335,-0.003823495879043268,-0.019574637812950654,0.09828620875092753,-0.006634754484750573,-0.011095000271305921,-0.028302476672124585,0.0458556921867797,0.02332640581855641,-0.014784375260356903,-0.011049152654541924,-0.055381171148335157,-0.07359812099099922,-0.023066178445636895,0.12758637735420816,0.001106426364184829,-0.003030905021281542,0.053651466592094674,0.029416787791781935,0.047123764886012394,0.00462193386070653,0.07190944474647896,-0.01099598602439374,0.009355575093002806,-0.01176387410972987,0.03334787286448931,0.03305245321082765,-0.02913794981365783,-0.0681092989184404,-0.005317759696376556,-0.04856445357443309,-0.036458228604925674,0.04834559722764899,0.037287347129587846,-0.005952349711235287,0.014769674485872611,-0.01618433816367355,-0.07938754512548399,0.016629329457526484,0.030922559202603943,-0.00024109225913798637,0.02778350945521522,-0.03761954325189734,0.03636667121558963,0.01146377719997659,0.0024291232058397676,0.017002817138914206,-0.01971659310652557,0.0195619342094834,0.012070245533220458
P4,0.004503824765779619,0.0049232607755853265,0.03255313804891426,-0.010651901671898202,-0.053345587518787936,0.027800909849400732,0.01244339691797723,0.01739902539728657,-0.0010899272096041627,-0.02421395088300991,-0.003246891782358243,0.019863940723169233,-0.013712025261359903,0.008419625730960665,0.020846882088542386,0.03918472030371075,-0.029743056273834143,0.021520269896591383,0.0246468685364944,0.020132737937612496,0.00997738077600265,0.06425551285121914,-0.004577504087635042,-0.0357139897567264,-0.05256775555340541,0.090027452765011,-0.058331807139729124,0.03228188701079672,0.040843165038075974,-0.07651462821971292,-0.0371226160893376,0.028133610417475623,-0.005897294816956792,0.07447801704441144,0.008140607231581665,0.02756218186497206,-0.0455696989844683,-0.038121755570812994,0.03964091385576502,-0.0028272590540562967,-0.03758129745775782,0.031342529925440926,0.0640334142230297,0.030859385430267183,-0.033449565536748,-0.00933368425183488,-0.029473167555056877,0.006792817803020213,0.03379790810402917,-0.06379763140961586
PZ,0.037701881764809174,0.037581588701977905,-0.003629261397464266,0.025807803314193595,-0.0017446080690385881,-0.04356160935618707,0.011254785993386545,0.0015590921311311571,-0.01363536498607618,-0.05230012005545368,0.05512113438748426,-0.039633255710666886,-0.04568729915248837,-0.0715208756629286,0.07574452464071614,0.04488814776176617,-0.05644500659255204,0.06131980281832323,-0.011473885005204515,0.0672887574227354,-0.07684221971433484,-0.025359799386134554,-0.012652530534835865,-0.008337164979629535,-0.04234963494705555,0.0713058451130587,-0.026837973110436696,-0.019231322575068478,-0.0005069589394946973,0.007085166273615098,0.007950288284249396,-0.007001346825444189,-0.01012996045778975,0.05380477392008247,-0.0020951688125853195,-0.025336837489720057,-0.07040879374349697,-0.09271095138865243,0.09113295466248669,-0.13071144974137844,0.042995423506411765,0.04518349943029723,0.0635541518984361,0.040734571951480475,0.017960002513882956,-0.027665455551321917,-0.05238484546186961,0.022976164725055627,0.033341212524091446,-0.036514780930312934
C3,0.010551397836234669,0.0038098035992716276,0.010778959420569738,-0.01868893044440431,-0.01655731619349982,-0.08305404026281941,0.08418036336764077,0.05997024143776294,0.04551832868163552,0.040173154733818606,0.03612336517864444,0.004461735229081946,-0.015037919292464744,-0.04196690253276849,0.021759245481936036,-0.05766642214068419,-0.043171264366183876,0.001400622432082501,-0.047980689634420585,0.03573204298192534,-0.08257175128639292,0.05799993856356963,-0.029255989117496956,-0.008093318142110381,0.001850033009060021,-0.028466650962435516,-0.002017766850177409,0.021233237730755677,-0.03250623875364909,-0.021409395566184836,-0.026913890489313978,-0.015312785403409294,0.03549226003110947,-0.003969114650369236,0.06416193292878143,0.006845145692550459,-0.004533658115802391,-0.044948020979413306,-0.024379085769451084,0.038096820413297115,0.013789300530860835,0.006424666900605446,-0.03197138358726391,0.02704432267872491,0.07128730775466677,0.024409519321284785,-0.013954331935151722,0.011892812550819011,-0.004300522326788595,0.027450071891110813
C4,0.008810319741981511,0.0049354507182307,0.08727212696702984,-0.05127500842897014,-0.0015237414652835336,-0.06993485659598384,0.009675878684494902,-0.03724163719177989,0.011041293890049656,-0.054011984586473,0.05023815885845454,0.1002546255631467,-0.02097707714119901,0.008560106765705233,-0.06344983834643436,0.026183543356679464,0.008208918986742805,-0.013873399725723101,0.040291042043582,-0.002161884635811208,-0.02597200509388993,-0.026967376941995636,-0.018208875882845543,0.059937018195820604,-0.1119531009610922,0.04708528512899628,-0.03749934875661901,0.05867081423841216,0.05860475628272869,-0.013537294943785444,0.019855854331530327,-0.10466123596791851,-0.005634760250988351,0.049501752832993524,-0.008756855963821112,-0.002239027217413922,-0.0028845167142596277,0.011696641267838745,0.04611717668416375,-0.06881470815131903,-0.04387126084072294,0.019159345119177527,0.02330722273508582,-0.007657205582231078,-0.008854993479271277,-0.057444060747963856,-0.013378445668924764,0.041679388367354374,-0.022224614202383048,-0.03332849673251041
CZ,-0.03894480373273405,0.08032962538964954,0.07063539342938158,0.011211309841052093,-0.03366231313610029,-0.01863168360939052,0.003767721001637008,-0.03230645894944049,-0.01707158868001254,0.025740672708150666,0.01861114038157059,0.02750419565170445,-0.07372845041575449,-0.023515092304908548,0.04055174647978578,-0.02730683459301633,0.00500929057972307,-0.022638127518749947,0.018282888310970875,0.051196271082350905,-0.057420041412794,-0.03614564095340096,0.03518963834464325,0.06855593043765636,-0.05883570700625686,0.031643995706102594,0.01625917323007775,0.036601418721933905,0.05151460711223522,-0.013399404910684759,-0.017976675025990832,-0.06413833258076138,-0.039402948353638806,-0.04828711646232405,-0.02992452886992003,0.05998118595489977,-0.01093607619147116,-0.03541982400384258,0.035017838983908645,-0.06076272983907126,-0.022628329421970045,-0.01903183380910376,0.013564596070013158,-0.001707053940478379,-0.011927652234667956,0.05164658491905485,-0.08647424272637055,-0.036513626827453564,0.003182155094704769,-0.07834140833669825
T3,-0.04724672684294783,-0.09772431254496192,-0.0876128609764897,0.04339837499527115,0.01429172222596781,-0.008899905402386749,-0.021966664385825976,0.019892490770889632,-0.05160553703671936,-0.00565925498367206,-0.006227849805022194,0.014873179735558718,0.0271245838914463,-0.01659552816742039,-0.035410124761936904,-0.07746030669928831,0.03193526238572291,0.0027695205327062907,0.03607274783736516,-0.018413864611281167,-0.07610359713333768,0.059273940247015836,-0.010565209195640368,0.05923723986101739,0.11159674385069197,-0.036868996428164345,0.09619133932309157,0.0020254899115128315,-0.030061503218473864,-0.00868262651250406,-0.008153163992622196,-0.024059589710340803,-0.0058932806398204005,0.016502309878089354,-0.08810619064622802,0.05077802793264287,-0.06565073723473151,0.016152095996262005,-0.006279099487945617,0.050671178707061844,0.08091120986137752,-0.06009057348971618,0.05158346247172459,-0.013186601058787628,0.10442101703596322,-0.012932339210973778,0.06554705054111283,-0.024761917409880735,-0.014562386262351746,0.052165323903957735
T4,-0.020838322088832475,-0.06962950165349026,-0.09828118511381376,-0.028640588262494188,0.0026898335619088445,0.027238978198929144,-0.10185054108475984,-0.005281476213350396,-0.025457442295362297,-0.0073848601446158905,-0.004260816619274694,0.04646239941343798,0.012239809746972087,0.09420899520645351,-0.05993949301553242,-0.05664326822173086,-0.0548850273104279,0.017604900429966486,0.06209891334803289,0.012969508906597413,0.05383512879886159,-0.022729196523015506,0.03666173030262411,-0.05364166640507438,0.04364197436931931,-0.05247732779149126,0.009665495986150024,-0.04094754963801364,0.04448695359429633,0.01720068107626526,-0.027386847462726693,0.0025374701705452103,-0.013838399849409747,-0.08141743569674971,-0.0517373053378242,0.03975284603219904,-0.0630128373049105,0.03539054244542102,0.013854315432466732,-0.036874783587563256,0.025926844172880697,0.09036192674241171,-0.00704470033767129,0.022520261738228218,0.05432989305280423,-0.02717159686986402,0.12149381267602287,-0.014542916249956184,-0.09640430002329219,0.04397878746930179
T5,-0.0342094740222792,-0.012726529524457958,0.028241432293782433,0.027808924251100344,-0.04717584440243567,0.05093027220660195,-0.009289060436496624,0.0808185266582198,-0.036410850087998416,-0.06534672227945307,-0.03649968779561716,-0.041653103604812475,0.0263884652162359,-0.05183540294656607,0.043007243121459524,0.03474911983205242,-0.003623982242625577,0.05951775581271372,-0.023847498385104964,0.05616839994955008,0.037266903576174036,-0.02116187840972388,0.03951657895368593,0.014163970330496448,0.06895316876052837,-0.0364316355487678,-0.0416051347129453,-0.03337349432196743,-0.03751809724823203,0.03744537910922139,0.019910893542716517,0.047462871871892486,0.028587607749003263,0.0019137574533978283,0.010985477970221875,-0.007944226512110887,0.024970410378823547,-0.051861831492309364,-0.05039131034636204,0.0951598079179817,0.007578468451357492,0.027917666185601826,-0.007779893601332712,-0.01408705667119719,0.00810147338776704,0.014582502316513165,0.08912049105231251,0.011429892569137363,-0.0384028663457405,-0.026772941976693783
T6,-0.014218741866320184,0.00539641922558109,0.08421737529651532,0.03421995501746048,-0.01962827002662166,-0.08828360013019416,-0.06812447043842554,0.036863658183343126,-0.01027733601033288,-0.037275342669439104,0.010626294092844952,-0.01423794255785154,0.03812721608889309,-0.01455983817979855,0.02798412742697347,0.028948278461285025,0.04730084921853355,0.050837584953115855,0.055409242490714425,-0.04036331724614542,0.014958237003350711,0.10975035146686375,-0.028821811302951954,0.03142304842366409,-0.005922964173033023,0.0012718095354443623,-0.009313384192590764,0.01999760845117599,-0.07648072141945239,0.027664049716871295,0.020376276222527537,0.005905053420632463,-0.018364275011865945,-0.021693107988988526,-0.012643995922269165,-0.038502645542897444,0.027859411951817382,-0.025898046345005633,-0.03579435754854893,0.024230054569914023,-0.057893875641091386,0.04832406151213908,-0.0061099198122138605,0.07112526621236323,0.06806502807747031,0.04417953808149585,0.08475549506716007,0.018303276857058466,0.019914645506909287,-0.06935537036002618
O1,-0.05203795431324119,-0.05704006214327927,-0.039424663465385874,0.04592877148025204,-0.08287982119465494,0.028045836436937806,-0.07614246122654125,0.03914227980993584,-0.035099405401235594,0.01732284284682388,-0.04618901217403706,0.00042893549791787915,0.054744301160405025,0.035931385131163125,6.449280934455781e-05,-0.01946191718448327,-0.03669131473141167,0.0460273435694184,-0.10800144268419412,-0.019810310021063964,-0.03237496107833308,0.054380529199806085,0.029385818793465232,-0.016731944986397462,0.03317353574511569,0.0045093001290761455,-0.0009995065970454596,-0.044948938690791106,-0.03406801830001909,-0.016733331975816067,0.03861441387556619,0.02200297331794939,-0.00010379201672941585,0.05128886118747747,0.05379096855125736,0.032781948787773,0.0066403627896044985,-0.005809147718959136,0.04096377835795378,0.02833372670997252,-0.01990672935721376,0.027188509394776437,0.014447837960927572,-0.030161070235351348,-0.03960900631976486,-0.0005342204324125943,0.034923946058819884,0.023259384443533187,-0.007025456381148415,-0.012097818421147762
O2,0.04662540252317125,0.0658612805690397,0.08316257207596457,-0.0010483906204314056,-0.07867825201647928,-0.09963718779327087,-0.03214972544418931,0.06534284731964239,-0.0040793913233438525,-0.008937776242792723,0.046953008844981,0.02143342342102897,0.018111094099652413,-0.05463003881842627,0.039441618918591534,0.04575973491946617,-0.04062246961171042,0.03939039864312011,0.04753929808331084,0.023868600105264284,0.05421601393672159,-0.007368879330059619,0.008447940734186357,-0.0017996179647425876,0.023682237336304278,0.0359187059758421,0.028377045951441898,0.038448132178916676,0.04579772965963476,0.007924392944016504,0.004200255006071344,-0.0020213608853893207,-0.005215208580092622,-0.0203061851256036,-0.016216367457520895,0.007253427516757831,0.013162189268916276,-0.04049039630702683,-0.0023221498084200548,-0.041230694921030556,-0.02629523917763109,-0.002690779535426595,0.03602694412277306,0.02166517320255271,-0.021656427405684707,0.02363712861372069,-0.03997246710899228,0.04415480483371167,-0.004846385625787956,-0.08081003231639798
